{
  "displayName": "WSU",
  "image": "map_6",
  "pathRadius": 70,
  "path": [
    {
      "x": 0,
      "y": 0.87740384615
    },
    {
      "x": 0.9140625,
      "y": 0.87740384615
    },
    {
      "x": 0.9140625,
      "y": 0.13461538461
    },
    {
      "x": 0,
      "y": 0.13461538461
    }
  ]
}